{"initial_reset_timestamp": 1599991483.3941915, "timestamps": [1599991483.989799], "episode_lengths": [50], "episode_rewards": [0.0], "episode_types": ["t"]}