{"initial_reset_timestamp": 1606130002.4423928, "timestamps": [1606130002.946329], "episode_lengths": [50], "episode_rewards": [0.0], "episode_types": ["t"]}